"Id","model","AIC","BIC"
"1","time_taken ~  1","44703.9789693564","44719.3095146829"
"2","time_taken ~  pid","43771.0972724107","44001.0554523083"
"3","time_taken ~  click_id","44597.3121609092","44620.307978899"
"4","time_taken ~  pattern_id","44757.1495620744","45493.0157377468"
"5","time_taken ~  pid + click_id + pattern_id","43770.4510066795","44728.6100895863"
