"Variable","Coefficients","StdError","PValue","Significance"
"(Intercept)",33.5277876438647,2.20779227609078,1.46100173956485e-14,"***"
"fLSCp",13.2811670925358,0.649960224170908,2.98432426450793e-80,"***"
"fLSCpsq",11.5423048539265,0.550514951315667,8.40578005813191e-84,"***"
"fIntp",-8.96674592460136,0.623256837915535,1.66721860934028e-43,"***"
"fIntpsq",10.1268266011306,0.557137481581157,1.12249450913658e-65,"***"
