"Variable","Coefficients","StdError","PValue","Significance"
"(Intercept)",24.975186798574,2.57218113497866,1.6187805779599e-10,"***"
"fLSCp",13.0717199832079,0.733415244752387,1.91921796564511e-63,"***"
"fIntp",-7.28595976224775,0.656611363212739,2.46157284158133e-27,"***"
"fLSCp:uLSC",7.51464850332984,0.423964452016015,8.10011146964461e-63,"***"
"fIntp:uInt",5.66809140736177,0.399749445555098,2.0773757753052e-42,"***"
