"Variable","Coefficients","StdError","PValue","Significance"
"(Intercept)",34.5223198814712,2.21695924912306,4.65188987661884e-15,"***"
"fLSCp",13.1744756513601,0.647146174131807,9.75835875842457e-80,"***"
"fLSCpsq",13.8221057663738,0.816417357754632,5.74365866312128e-58,"***"
"fIntp",-8.8394738212706,0.620877657818523,1.06505524737521e-42,"***"
"fIntpsq",10.7192462656037,0.576198629369073,2.37040804234528e-68,"***"
"fLSCp:fIntp",-1.67350733974369,0.444262559802273,0.000173131402133563,"***"
